<?xml version="1.0" encoding="UTF-8" standalone="yes"?>
<addon id="docker.linuxserver.pi-hole"
       name="Pi-hole (LinuxServer.io)"
       version="3.0.0"
       provider-name="LinuxServer.io">
  <requires>
    <import addon="service.system.docker" version="0.0.0" />
    <import addon="docker.linuxserver.updater" version="0.0.0"/>
  </requires>
  <extension point="xbmc.service" library="default.py">
    <provides></provides>
  </extension>
  <extension point="xbmc.addon.metadata">
    <summary>Pi-hole in a docker container</summary>
    <description>
The Pi-hole is a DNS sinkhole that protects your devices from unwanted content, without installing any client-side software.

IMPORTANT: This addon will install a version of pi-hole that will know limited updates.

On initial install, enter an admin password. Port 53 must be open.
Server LAN IPs are autodetected, but can be overridden by manual entry in addon settings.
DNS servers can be changed in the webgui, however, if any of the addon settings are changed, DNS servers will reset to whatever is selected in addon settings or the default Google servers

This is a docker addon brought to you by the LinuxServer.io team.
Please visit https://linuxserver.io for more information.
    </description>
    <disclaimer>
    </disclaimer>
    <news>
docker.linuxserver.pi-hole:
-------------------------

3.0.0
- February 2023 version, based on 2.0.1
    </news>
    <platform>all</platform>
    <website>http://linuxserver.io/</website>
    <assets>
        <icon>icon.png</icon>
        <fanart>fanart.jpg</fanart>
    </assets>
  </extension>
</addon>
